"","Time","Price"
"1",1,3478.23273017853
"2",2,3434.82880708767
"3",3,3935.73098333908
"4",4,3640.80749282431
"5",5,3976.97275064869
"6",6,3012.39330927738
"7",7,3510.25757819703
"8",8,3417.35879204665
"9",9,3231.08642126502
"10",10,3417.23967962506
"11",11,3441.72515531422
"12",12,3490.26113274891
"13",13,3293.46948093849
"14",14,3127.96853465737
"15",15,3131.7349823645
"16",16,3411.43130809289
"17",17,3057.02788456817
"18",18,3298.34093733378
"19",19,3097.91470874668
"20",20,3700.01665816599
"21",21,3452.25143545507
"22",22,3208.86948290567
"23",23,3119.86831378863
"24",24,3015.49359978567
"25",25,3104.82141047139
"26",26,3576.90696228234
"27",27,3353.83156748681
"28",28,3073.60262064653
"29",29,3143.26045149065
"30",30,3116.39516317661
"31",31,3232.36703298858
"32",32,3105.88132206337
"33",33,3343.94436454088
"34",34,3129.78843220734
"35",35,3300.85368330591
"36",36,3386.43251550942
"37",37,3173.60641984853
"38",38,3290.98739673727
"39",39,3289.32858667115
"40",40,3025.79076562685
"41",41,2988.09554606765
"42",42,3242.25457516284
"43",43,3172.68102779651
"44",44,3117.04793938232
"45",45,2768.59979001337
"46",46,3271.92210956953
"47",47,3373.79512547254
"48",48,3104.1953458063
"49",49,2836.95662638878
"50",50,3085.5911987242
"51",51,3282.21095627571
"52",52,3051.20065798487
"53",53,3298.59317573969
"54",54,3074.69069448619
"55",55,2863.53034992621
"56",56,2829.49802368077
"57",57,2929.93703561589
"58",58,3161.83244301216
"59",59,3053.63722857824
"60",60,3142.07061178962
"61",61,2765.7413174483
"62",62,2679.84173456403
"63",63,2862.10547544157
"64",64,2689.67003437823
"65",65,3047.91455607867
"66",66,2797.43010162014
"67",67,3466.36227992952
"68",68,3199.11840650276
"69",69,2689.23346165444
"70",70,2708.27364681113
"71",71,2915.78307429913
"72",72,2920.69411342551
"73",73,2805.9232386129
"74",74,2926.36009785322
"75",75,2839.50840151855
"76",76,3019.74266462717
"77",77,2855.91951834744
"78",78,3039.32939644168
"79",79,2898.04403003536
"80",80,2613.25739386604
"81",81,2695.92012612704
"82",82,2960.50558226046
"83",83,3056.44691624554
"84",84,2544.67861347877
"85",85,2771.10870060642
"86",86,2562.19242459172
"87",87,2601.75572884838
"88",88,3005.82459810082
"89",89,2830.8746945333
"90",90,2760.05994611434
"91",91,2983.84525753397
"92",92,2688.52413821941
"93",93,2689.819462318
"94",94,2597.97614395309
"95",95,2584.37062030648
"96",96,2850.06645602944
"97",97,3177.89823722526
"98",98,2772.21542012759
"99",99,3003.2764795436
"100",100,2412.1482997974
"101",101,2610.59520288183
"102",102,2705.04399511398
"103",103,2796.94685182042
"104",104,2660.90577663533
"105",105,2771.35623674586
"106",106,2738.55304573458
"107",107,2460.00965873713
"108",108,2767.95034806394
"109",109,2745.90764609189
"110",110,2618.13771031131
"111",111,2925.58521850601
"112",112,2615.93201372597
"113",113,2648.57383423826
"114",114,2161.89725115433
"115",115,3003.51970910619
"116",116,2593.06829720638
"117",117,2343.82392452848
"118",118,2772.09555565301
"119",119,2725.63981039142
"120",120,2237.18093064535
"121",121,2932.87433750428
"122",122,2795.50425227002
"123",123,2755.4677422002
"124",124,3038.95641423582
"125",125,2474.7999078459
"126",126,2414.66580185191
"127",127,2699.05082589313
"128",128,2374.18733341156
"129",129,2454.46763227055
"130",130,2443.93309866593
"131",131,2518.92504396705
"132",132,2563.10188211464
"133",133,2416.60908304532
"134",134,2681.15559542051
"135",135,2624.28651482356
"136",136,2667.96402759634
"137",137,2580.33351634976
"138",138,2088.47324429134
"139",139,2463.1821737695
"140",140,2477.28201638728
"141",141,2804.7353463984
"142",142,2535.49575017305
"143",143,2800.93830811693
"144",144,2421.38320525067
"145",145,2751.37836732239
"146",146,2330.51324307673
"147",147,2384.11495668329
"148",148,2552.66769458827
"149",149,2583.19875115153
"150",150,2404.43280042948
"151",151,2631.55947483828
"152",152,2703.73833620189
"153",153,2642.94297634353
"154",154,2485.27348101727
"155",155,2366.78725302497
"156",156,2463.22505534201
"157",157,2529.19642273069
"158",158,2522.28366366305
"159",159,2387.5278874287
"160",160,2164.87814724991
"161",161,2074.2705375022
"162",162,2230.09771647242
"163",163,2088.91320787982
"164",164,2247.63465942929
"165",165,2450.30306485298
"166",166,2245.39042002528
"167",167,2521.50711384728
"168",168,2275.32796850687
"169",169,2067.01918428863
"170",170,2339.41187185871
"171",171,2154.01214613098
"172",172,2618.80275145907
"173",173,2322.44219534062
"174",174,2210.71689018642
"175",175,2432.87994501341
"176",176,2104.91081030433
"177",177,2131.55678766965
"178",178,2177.08419859531
"179",179,2186.79458945736
"180",180,2175.17780352026
"181",181,2476.41786685997
"182",182,2532.26852185042
"183",183,2177.87528853912
"184",184,2119.48475902814
"185",185,2111.46456791248
"186",186,2017.51115007688
"187",187,2110.7213775613
"188",188,2261.34230431515
"189",189,2324.06142091572
"190",190,2619.75107638688
"191",191,2219.03378588449
"192",192,2159.08203860329
"193",193,2245.11749150239
"194",194,2106.32950318737
"195",195,2054.759851763
"196",196,2279.14390137933
"197",197,2247.45578672148
"198",198,2287.9395593271
"199",199,2271.47346439332
"200",200,2273.03244955418
"201",201,1936.82415905917
"202",202,2126.56303762165
"203",203,2213.99948463851
"204",204,2062.07850121358
"205",205,2359.6777374554
"206",206,1800.61830775502
"207",207,2060.58294574711
"208",208,1797.06189714954
"209",209,1956.2634843248
"210",210,2116.43078511787
"211",211,1878.5036071258
"212",212,2009.73328390983
"213",213,2028.01849766037
"214",214,1823.40210416982
"215",215,2248.66820820006
"216",216,2223.19759637117
"217",217,1946.02697126868
"218",218,2404.7988406472
"219",219,1937.65248943776
"220",220,2159.00992723673
"221",221,1973.65256296092
"222",222,1936.68879179724
"223",223,1803.35476487869
"224",224,1777.84021837536
"225",225,1801.22395224041
"226",226,2217.00194383223
"227",227,2240.08047824931
"228",228,1842.29097214115
"229",229,1914.05351078056
"230",230,2261.8514689553
"231",231,1830.06853184059
"232",232,1829.56915942191
"233",233,2008.95317591285
"234",234,2007.50292595171
"235",235,1728.7435311762
"236",236,1866.00833786306
"237",237,1961.68352649157
"238",238,1700.92302388656
"239",239,1854.19656167013
"240",240,1966.17528976637
"241",241,1713.35033624135
"242",242,2065.61302975875
"243",243,2252.86682360369
"244",244,1944.49997879024
"245",245,1731.06989439588
"246",246,1624.2509759493
"247",247,1952.09941946503
"248",248,2023.22828579263
"249",249,2241.62315920074
"250",250,1931.35932686923
"251",251,1741.81922137801
"252",252,1808.11444156572
"253",253,1847.50343085304
"254",254,1353.09036538513
"255",255,1840.11073373565
"256",256,1686.93646903045
"257",257,1455.27198291548
"258",258,2005.76445908767
"259",259,2185.50027804892
"260",260,1881.09136297028
"261",261,2016.70763064013
"262",262,1589.152368016
"263",263,1923.13632964019
"264",264,1625.1719642515
"265",265,1912.02449557783
"266",266,1674.664973684
"267",267,1909.10777267214
"268",268,1806.04061282008
"269",269,1791.15760211736
"270",270,1609.17843504149
"271",271,1838.14942000126
"272",272,1360.50564975617
"273",273,1961.27686750482
"274",274,1720.28158370811
"275",275,1803.31981449546
"276",276,1917.36003591965
"277",277,1940.11965061592
"278",278,1539.87629773869
"279",279,1731.17932697696
"280",280,1883.07126933976
"281",281,1583.71417519275
"282",282,1734.82359747432
"283",283,1791.74856459751
"284",284,1946.27294240008
"285",285,1346.01211601166
"286",286,1968.84412194691
"287",287,1874.67452568567
"288",288,1590.28068188651
"289",289,1588.24642056858
"290",290,1840.75037798494
"291",291,1704.5761016977
"292",292,1881.47147729433
"293",293,1904.9168295358
"294",294,1854.40617040599
"295",295,1507.7729798425
"296",296,1629.9217466532
"297",297,1911.64952234628
"298",298,1656.73189347648
"299",299,1901.11705356465
"300",300,1617.11023992299
"301",301,1608.7850234418
"302",302,1830.2444560534
"303",303,1789.8765855409
"304",304,1981.63638633182
"305",305,1713.51345345993
"306",306,1397.71814496438
"307",307,1676.29496815667
"308",308,1722.28824623995
"309",309,1504.8287889353
"310",310,2148.71446277218
"311",311,1740.66872531974
"312",312,1974.08583541479
"313",313,1700.67113538297
"314",314,1595.6601491508
"315",315,1389.04782968229
"316",316,1754.78715903332
"317",317,1656.94707164781
"318",318,1377.91377196129
"319",319,1726.54361420656
"320",320,1724.18207997957
"321",321,1465.90218703561
"322",322,1852.18273656266
"323",323,1532.86272636489
"324",324,1361.8833330092
"325",325,1614.79190345758
"326",326,1789.21454431423
"327",327,1075.54093075434
"328",328,1807.8104716407
"329",329,2038.09296878623
"330",330,1791.07789009474
"331",331,1489.35948512362
"332",332,1667.92506125955
"333",333,1667.16805173775
"334",334,1629.65829429703
"335",335,1581.43161777309
"336",336,1681.41781954326
"337",337,1742.6036047875
"338",338,1878.25917499525
"339",339,1539.69539497294
"340",340,1826.67557350422
"341",341,1582.13732556539
"342",342,1207.35881405073
"343",343,1396.22380449129
"344",344,1821.44702680249
"345",345,1392.54483243608
"346",346,1634.24213455334
"347",347,1573.04163398975
"348",348,1182.20726604647
"349",349,1638.73356297439
"350",350,1536.73970805881
"351",351,1665.10356974223
"352",352,1489.15308988966
"353",353,1360.85143180001
"354",354,1611.24537898144
"355",355,1903.07573432021
"356",356,1593.3584100993
"357",357,1503.77932458223
"358",358,1473.19861104458
"359",359,1235.09983411525
"360",360,1467.36927988936
"361",361,1304.06000812934
"362",362,1188.48054647346
"363",363,1143.48527278897
"364",364,1439.79340414674
"365",365,1652.36824954333
"366",366,1497.44917177037
"367",367,1655.86297235574
"368",368,1752.17105099947
"369",369,1160.26039508329
"370",370,1563.96520703087
"371",371,1535.16791565981
"372",372,1528.36007367774
"373",373,1372.28978223482
"374",374,1791.81452582854
"375",375,1363.27347539555
"376",376,1310.04409412885
"377",377,1278.08874466059
"378",378,1430.19003757974
"379",379,1609.40570853578
"380",380,1696.96425412534
"381",381,1406.01444733856
"382",382,1643.87677814631
"383",383,1444.78072131111
"384",384,1185.3719888864
"385",385,1435.12853956223
"386",386,1410.45416866913
"387",387,1513.92224408548
"388",388,1349.33865874139
"389",389,1620.46918604139
"390",390,1226.54566729306
"391",391,1596.52188711533
"392",392,1145.66070761616
"393",393,1323.4866353229
"394",394,1351.51780082494
"395",395,1199.1629558167
"396",396,1397.00348174422
"397",397,1258.6261162112
"398",398,1451.2736366327
"399",399,1501.58989892459
"400",400,1429.12303235913
"401",401,1118.17112092945
"402",402,1230.00359873444
"403",403,1537.16317916325
"404",404,1730.11467717304
"405",405,1650.61904355986
"406",406,1211.21281153085
"407",407,1240.20395263277
"408",408,1416.24699594603
"409",409,1375.86968716881
"410",410,1735.77984030907
"411",411,1377.73461740306
"412",412,1305.44104834918
"413",413,1373.27156279557
"414",414,1327.10912733272
"415",415,1416.24351973372
"416",416,1315.997688767
"417",417,1352.00256632828
"418",418,1232.90393435194
"419",419,1497.6909395952
"420",420,1327.54762755067
"421",421,1056.70272543864
"422",422,1438.96087866044
"423",423,1419.52423359843
"424",424,1327.08671241612
"425",425,1433.43820788223
"426",426,1501.90116507208
"427",427,1562.11770250418
"428",428,1455.27146330937
"429",429,1294.18556037341
"430",430,1261.6374727447
"431",431,1297.07031991612
"432",432,1489.09365028363
"433",433,1307.94538201328
"434",434,1611.46679113183
"435",435,1172.39193494431
"436",436,1565.14857465466
"437",437,1188.75277022754
"438",438,1337.1763588672
"439",439,1393.84191596446
"440",440,1739.10144061415
"441",441,1237.6252617013
"442",442,1267.06565134548
"443",443,1443.080633206
"444",444,1410.79740544744
"445",445,1491.46147356735
"446",446,1003.40269720818
"447",447,1183.99712590939
"448",448,986.827501626495
"449",449,1153.2398635026
"450",450,1386.42301744899
"451",451,950.943970185556
"452",452,1101.41337462136
"453",453,1054.17760941448
"454",454,1060.56072975168
"455",455,1493.0895353243
"456",456,1442.00007819503
"457",457,1225.1849506823
"458",458,1385.09351504215
"459",459,1389.16843101799
"460",460,1368.89548786293
"461",461,1642.00157203213
"462",462,1308.72128368354
"463",463,1144.35754924507
"464",464,1166.44967817565
"465",465,1493.65615333166
"466",466,925.605010449889
"467",467,1293.23550567732
"468",468,884.009952609641
"469",469,1793.498991576
"470",470,1539.04232699727
"471",471,1475.14047869859
"472",472,1184.24999801716
"473",473,1343.20872837764
"474",474,1282.67901064966
"475",475,1049.61031531784
"476",476,1409.63569602842
"477",477,904.302007472647
"478",478,1142.75421501505
"479",479,1212.65380021722
"480",480,1396.41285747829
"481",481,915.589124846075
"482",482,1123.61403417267
"483",483,1278.83504252964
"484",484,1205.95257188591
"485",485,910.649041990278
"486",486,1727.54660201155
"487",487,1606.51540001324
"488",488,1316.79010221395
"489",489,1114.03873317879
"490",490,880.674665889333
"491",491,934.848313860637
"492",492,1530.1967228531
"493",493,1070.54566717069
"494",494,1153.80618540793
"495",495,1085.78413480061
"496",496,1239.76386789508
"497",497,1208.97818016601
"498",498,1286.73646530298
"499",499,996.180296238747
"500",500,1411.68444892835
"501",501,1187.35326723866
"502",502,1114.2622550358
"503",503,1410.46554903698
"504",504,750.205699385282
"505",505,1642.83619305472
"506",506,1204.17902568891
"507",507,1373.77919664101
"508",508,1321.44182267335
"509",509,1401.84547569127
"510",510,1011.03243320174
"511",511,756.322397076703
"512",512,1203.09895577101
"513",513,1302.26134476591
"514",514,888.120872119111
"515",515,978.845871453558
"516",516,1221.7778085211
"517",517,947.938286276166
"518",518,1394.6120859785
"519",519,1387.89102895694
"520",520,864.63184257929
"521",521,724.994661063431
"522",522,1203.08505658365
"523",523,713.632511475624
"524",524,1266.7993680104
"525",525,1208.45855367877
"526",526,905.713933053982
"527",527,1176.62794864404
"528",528,617.908297436886
"529",529,1177.947751306
"530",530,930.197696121675
"531",531,1150.80072108521
"532",532,1195.4048313125
"533",533,808.689045609778
"534",534,1470.70799909155
"535",535,1134.01683650615
"536",536,1182.43559544743
"537",537,857.905526037563
"538",538,1380.12484767622
"539",539,927.727234770196
"540",540,1293.75092349772
"541",541,734.637169169271
"542",542,1006.6608927208
"543",543,1272.9017376359
"544",544,1092.1631423575
"545",545,1156.89817085235
"546",546,1320.49568742741
"547",547,1210.98994379784
"548",548,1076.74413815155
"549",549,990.774542872874
"550",550,1160.07772659784
"551",551,1034.08640595774
"552",552,1347.71755442401
"553",553,976.739181121713
"554",554,1334.11067526467
"555",555,1254.55330260006
"556",556,1083.62826521007
"557",557,982.216286050905
"558",558,1114.83725143019
"559",559,1124.49967759044
"560",560,872.092219175423
"561",561,1192.02291615134
"562",562,1173.84305948412
"563",563,962.732412083866
"564",564,1106.26723884398
"565",565,843.291891882069
"566",566,1137.26715063518
"567",567,1052.78171292788
"568",568,1047.26361252635
"569",569,1247.81355390808
"570",570,544.603824691139
"571",571,901.466897061643
"572",572,1238.44990956355
"573",573,1062.26189878322
"574",574,1088.48724335608
"575",575,1520.96890577416
"576",576,929.19477256385
"577",577,1362.93026112532
"578",578,1199.72548512904
"579",579,1060.6320102839
"580",580,840.043177607011
"581",581,1016.35531964377
"582",582,929.387374768333
"583",583,1032.15001829704
"584",584,1100.77906775045
"585",585,1152.86457710883
"586",586,924.031554269919
"587",587,1144.66664468504
"588",588,996.832787275246
"589",589,858.991970109147
"590",590,1099.20606530596
"591",591,897.529615082074
"592",592,932.676162975328
"593",593,973.88669225588
"594",594,1062.40987120658
"595",595,772.787313795228
"596",596,979.979013250858
"597",597,829.095278978028
"598",598,658.987813753149
"599",599,836.970726721859
"600",600,1202.34973723896
"601",601,906.595944220111
"602",602,1264.96294812408
"603",603,1039.52270160244
"604",604,850.721602643562
"605",605,966.549714086556
"606",606,1136.65932512828
"607",607,1091.73367535952
"608",608,1031.0249293836
"609",609,799.504084930206
"610",610,1056.53317361533
"611",611,946.487501065026
"612",612,908.814048530032
"613",613,740.430971391908
"614",614,1197.38132170148
"615",615,1005.02218352796
"616",616,853.411543691931
"617",617,809.404105735792
"618",618,969.117911754738
"619",619,905.823954023998
"620",620,1062.74110664345
"621",621,888.300553617312
"622",622,1005.21264173965
"623",623,935.262647457262
"624",624,789.611589027662
"625",625,1347.61150583076
"626",626,1029.22031270468
"627",627,664.472161045653
"628",628,1009.4786930798
"629",629,1124.37616329585
"630",630,985.732568500265
"631",631,1124.77142395162
"632",632,1210.743346577
"633",633,1120.81842158891
"634",634,769.115734234741
"635",635,704.924747124965
"636",636,1061.91997062658
"637",637,904.14055307033
"638",638,543.421534026744
"639",639,901.763192328327
"640",640,939.030977149797
"641",641,812.128487410168
"642",642,918.314482502818
"643",643,886.896024430222
"644",644,882.437203636283
"645",645,1137.87515577543
"646",646,957.191778299882
"647",647,814.777716643327
"648",648,1044.61539604047
"649",649,627.996659558214
"650",650,904.089717378566
"651",651,969.109362352332
"652",652,992.505940701829
"653",653,1167.33035960105
"654",654,971.34909414164
"655",655,954.490452986828
"656",656,954.160955155371
"657",657,978.188562331854
"658",658,747.58309324831
"659",659,1030.67434130525
"660",660,907.812529305582
"661",661,948.991020926825
"662",662,447.074164931447
"663",663,924.858239931587
"664",664,644.202095849236
"665",665,1141.42541738574
"666",666,1109.89536318655
"667",667,788.891512633251
"668",668,882.805927754257
"669",669,546.208470409906
"670",670,816.638678306622
"671",671,832.841035605534
"672",672,1040.88709818351
"673",673,694.126211636952
"674",674,856.375966086715
"675",675,1173.56263885369
"676",676,648.220386086214
"677",677,856.844611606363
"678",678,766.643932301714
"679",679,774.466498597717
"680",680,864.497731575299
"681",681,922.822911471334
"682",682,952.979571420113
"683",683,814.384634157596
"684",684,747.764335183013
"685",685,1187.10563447207
"686",686,952.984698564113
"687",687,966.569622136432
"688",688,1094.55280328214
"689",689,966.89995844995
"690",690,858.923776825854
"691",691,790.643126516159
"692",692,719.963557943616
"693",693,763.84523360857
"694",694,592.182105883571
"695",695,679.217486031821
"696",696,1049.22866485553
"697",697,987.854774005952
"698",698,793.274922749902
"699",699,1017.8901916604
"700",700,791.023720199647
"701",701,1182.25842208544
"702",702,1180.38022792949
"703",703,769.358672487506
"704",704,904.63141007071
"705",705,1050.42813428634
"706",706,800.281134520088
"707",707,874.055095328243
"708",708,769.327370823528
"709",709,937.967388586251
"710",710,372.436203865838
"711",711,1108.685988389
"712",712,869.137371754954
"713",713,617.984417871341
"714",714,736.929142095936
"715",715,521.876545158899
"716",716,791.628988676387
"717",717,1120.18295253886
"718",718,883.061267134961
"719",719,469.818525437619
"720",720,722.502812425924
"721",721,1327.18926636641
"722",722,812.407687815076
"723",723,620.111333287781
"724",724,972.378058260074
"725",725,330.06160033983
"726",726,745.886589791122
"727",727,778.231734511284
"728",728,873.015720237801
"729",729,855.29665464177
"730",730,665.380669351095
"731",731,638.769467585241
"732",732,877.872361622506
"733",733,1161.1273319939
"734",734,786.307139677021
"735",735,750.721349160689
"736",736,672.928949248314
"737",737,821.979587315279
"738",738,1175.81157111927
"739",739,1052.90644130755
"740",740,537.006111639756
"741",741,228.629019692102
"742",742,452.341128234414
"743",743,927.576195135689
"744",744,753.243410656559
"745",745,807.203967184606
"746",746,949.193542188775
"747",747,907.882647749516
"748",748,962.883656650678
"749",749,815.136463634233
"750",750,600.918436318183
"751",751,862.854403868496
"752",752,962.73028506021
"753",753,956.896893373067
"754",754,560.232083310599
"755",755,847.921113027724
"756",756,1042.26948975094
"757",757,503.824081978822
"758",758,259.999538318008
"759",759,885.628199334955
"760",760,964.872155519887
"761",761,556.679431053095
"762",762,1094.26988174526
"763",763,683.477973924101
"764",764,912.772530129312
"765",765,840.653500600427
"766",766,590.481579490059
"767",767,613.096951649582
"768",768,669.856268007337
"769",769,1045.47065806364
"770",770,456.818134280816
"771",771,673.270344752601
"772",772,420.785271141884
"773",773,926.362685071657
"774",774,677.907998007632
"775",775,557.460592541772
"776",776,830.826918782783
"777",777,839.427712772673
"778",778,525.614022772344
"779",779,886.332017676994
"780",780,1256.55007129713
"781",781,483.37816869165
"782",782,933.595676695731
"783",783,505.074251411595
"784",784,902.51787846597
"785",785,909.351081737315
"786",786,1164.63892449816
"787",787,951.256440094114
"788",788,976.434671532849
"789",789,486.709620463257
"790",790,1309.27327169833
"791",791,918.264780283192
"792",792,690.22081561275
"793",793,591.542133454667
"794",794,565.508255055146
"795",795,1098.58538905333
"796",796,1083.43556446326
"797",797,375.790025782041
"798",798,699.272484285962
"799",799,794.220489408518
"800",800,738.693937438835
"801",801,746.460990245957
"802",802,647.727555065938
"803",803,626.245026934008
"804",804,719.443066970624
"805",805,1079.84380701208
"806",806,680.420002102225
"807",807,693.016073687969
"808",808,636.366330941611
"809",809,1059.38956379764
"810",810,353.911522822459
"811",811,1195.32404884637
"812",812,513.984020968391
"813",813,885.644408869669
"814",814,699.863516679383
"815",815,552.519379682122
"816",816,464.721404699411
"817",817,673.112595422022
"818",818,828.394255114999
"819",819,959.544402612522
"820",820,891.024204280792
"821",821,734.341268736192
"822",822,800.695059675635
"823",823,817.356911441905
"824",824,494.970394732025
"825",825,859.77823209377
"826",826,737.00183016331
"827",827,922.647957418574
"828",828,885.295167607773
"829",829,544.133859716447
"830",830,654.353366683611
"831",831,651.712110941563
"832",832,664.890625513929
"833",833,668.750540879812
"834",834,498.367229513676
"835",835,440.469622154853
"836",836,872.753238468764
"837",837,511.978129685539
"838",838,436.893127240182
"839",839,1303.11231901593
"840",840,508.304650179904
"841",841,815.955628072183
"842",842,694.196240165438
"843",843,863.057312144063
"844",844,869.351590146314
"845",845,659.84566447379
"846",846,429.341620724148
"847",847,711.9300294595
"848",848,701.834493521742
"849",849,679.993386159104
"850",850,793.698490516016
"851",851,631.235772920812
"852",852,466.664175669912
"853",853,722.910147041826
"854",854,793.376242776097
"855",855,822.734001041559
"856",856,868.430992764564
"857",857,599.437290715358
"858",858,1083.22491258376
"859",859,756.232812487535
"860",860,886.69089737564
"861",861,661.605794759204
"862",862,759.440399736538
"863",863,815.770277785126
"864",864,832.934601426249
"865",865,781.336518975074
"866",866,1029.29334858298
"867",867,1026.77705405973
"868",868,671.959746505049
"869",869,1017.39033419576
"870",870,499.254162457826
"871",871,877.700922192899
"872",872,660.228519562989
"873",873,1027.06016881065
"874",874,777.981433551212
"875",875,469.312451556719
"876",876,763.644128132852
"877",877,902.896678271854
"878",878,1110.67931483843
"879",879,574.364864813884
"880",880,656.39381211027
"881",881,971.289948772863
"882",882,632.36794969331
"883",883,837.082952264864
"884",884,507.829471598749
"885",885,751.43158743043
"886",886,969.782590977624
"887",887,292.948902462428
"888",888,681.098454000942
"889",889,1027.21655083214
"890",890,835.748786165056
"891",891,957.595564055119
"892",892,739.024468723988
"893",893,800.354276002381
"894",894,522.350589791342
"895",895,894.064827595359
"896",896,535.086346035753
"897",897,591.359957429482
"898",898,750.873876349576
"899",899,419.610325064553
"900",900,437.621865427484
"901",901,930.797291228905
"902",902,649.746935210065
"903",903,540.749717802168
"904",904,521.148542845428
"905",905,659.696567988108
"906",906,670.408520289663
"907",907,566.102507912047
"908",908,827.891662700271
"909",909,578.062112607722
"910",910,402.526120240764
"911",911,947.001318530299
"912",912,665.690527553959
"913",913,822.583651026869
"914",914,747.361019318511
"915",915,860.697979650639
"916",916,610.817282405783
"917",917,501.023953301678
"918",918,815.513393458659
"919",919,506.184435848047
"920",920,661.238714705234
"921",921,630.630730643659
"922",922,654.1796049485
"923",923,597.122546290993
"924",924,966.899717227218
"925",925,459.16320133715
"926",926,734.039380538054
"927",927,706.086138071577
"928",928,1066.06239054757
"929",929,943.533755484548
"930",930,590.021534619679
"931",931,60.3831545719192
"932",932,591.809921486153
"933",933,639.529808106441
"934",934,888.881129967005
"935",935,707.5350831157
"936",936,452.251973444309
"937",937,926.231272648958
"938",938,845.037934481811
"939",939,802.005389774457
"940",940,736.067121923629
"941",941,427.530779685059
"942",942,677.419043197954
"943",943,665.06806217073
"944",944,585.434666833489
"945",945,774.021748928919
"946",946,370.163077427754
"947",947,699.935440802253
"948",948,511.553716015351
"949",949,809.381811496347
"950",950,616.631471016012
"951",951,562.64401786241
"952",952,862.755194437061
"953",953,880.355779288815
"954",954,483.212003769861
"955",955,681.805338897339
"956",956,696.698760851253
"957",957,519.933693537532
"958",958,469.913194590511
"959",959,714.948470701409
"960",960,506.344449782512
"961",961,750.503486466038
"962",962,507.728994310959
"963",963,958.12729816177
"964",964,858.28925583941
"965",965,937.023939201784
"966",966,899.246180429486
"967",967,972.272288905659
"968",968,410.784113438635
"969",969,804.67705444607
"970",970,440.203457014945
"971",971,894.503034215876
"972",972,441.987443278733
"973",973,688.129102287999
"974",974,619.774393853003
"975",975,564.914150765295
"976",976,618.704929404795
"977",977,700.79711240266
"978",978,417.737220180244
"979",979,600.720049649717
"980",980,454.245848617533
"981",981,729.896260658761
"982",982,408.935397343686
"983",983,560.187654830311
"984",984,418.433425480473
"985",985,713.468721434072
"986",986,1071.65739981459
"987",987,698.106931017427
"988",988,597.782670415783
"989",989,639.363253859075
"990",990,502.719802127258
"991",991,540.044907670857
"992",992,618.603722668073
"993",993,696.462809480521
"994",994,628.902480743
"995",995,507.746188997663
"996",996,784.959550999032
"997",997,965.152905176107
"998",998,566.350027456057
"999",999,432.987926882705
"1000",1000,490.890051586583
"1001",1001,629.281631801222
"1002",1002,694.706716084169
"1003",1003,384.748030952486
"1004",1004,698.659577568108
"1005",1005,614.122573693374
"1006",1006,947.089943918757
"1007",1007,521.311017082457
"1008",1008,693.717699254295
"1009",1009,303.591915725495
"1010",1010,427.470336862581
"1011",1011,768.14533575074
"1012",1012,930.670933692185
"1013",1013,865.059855005327
"1014",1014,398.463872505434
"1015",1015,400.993223682212
"1016",1016,726.435600561785
"1017",1017,716.600832564459
"1018",1018,645.874833053683
"1019",1019,813.342744562325
"1020",1020,788.439158688595
"1021",1021,390.561164834619
"1022",1022,340.491461284987
"1023",1023,958.771953125857
"1024",1024,611.520452983707
"1025",1025,805.263454983397
"1026",1026,564.196753884983
"1027",1027,918.809475210742
"1028",1028,690.787600187137
"1029",1029,585.601129006013
"1030",1030,825.387065797759
"1031",1031,678.660627675595
"1032",1032,559.48448805766
"1033",1033,448.824639641897
"1034",1034,517.014686697254
"1035",1035,427.5476281772
"1036",1036,485.51953579152
"1037",1037,777.218809644082
"1038",1038,636.65558267849
"1039",1039,608.86068022765
"1040",1040,889.221555458982
"1041",1041,673.826927467079
"1042",1042,809.273594759595
"1043",1043,261.993391466363
"1044",1044,728.733685530623
"1045",1045,337.191837106136
"1046",1046,605.869804805007
"1047",1047,796.438845072941
"1048",1048,559.109565933801
"1049",1049,783.222647644438
"1050",1050,455.912371678532
"1051",1051,478.679933574767
"1052",1052,799.221260485505
"1053",1053,352.478273716927
"1054",1054,498.708039358127
"1055",1055,384.469906708626
"1056",1056,331.678175054179
"1057",1057,553.10479571299
"1058",1058,514.995116892752
"1059",1059,318.53148212634
"1060",1060,285.943936861452
"1061",1061,370.626720698889
"1062",1062,621.283163836438
"1063",1063,580.51899432741
"1064",1064,823.881456491998
"1065",1065,24.3847606116676
"1066",1066,846.79230147574
"1067",1067,825.075420348458
"1068",1068,747.508570858984
"1069",1069,727.895808482565
"1070",1070,693.335627271713
"1071",1071,728.052109231685
"1072",1072,872.473233399481
"1073",1073,585.117232154274
"1074",1074,427.931250034061
"1075",1075,982.792384859673
"1076",1076,171.093003889503
"1077",1077,397.303176064156
"1078",1078,637.727078175103
"1079",1079,597.912592383718
"1080",1080,214.588899487851
"1081",1081,492.125797291644
"1082",1082,480.80643086146
"1083",1083,720.842066772357
"1084",1084,541.521193026641
"1085",1085,732.17464488568
"1086",1086,855.257139262516
"1087",1087,646.05140634723
"1088",1088,764.041698410205
"1089",1089,615.646757262985
"1090",1090,725.235881905752
"1091",1091,517.004051410386
"1092",1092,718.749505576373
"1093",1093,1016.80174169183
"1094",1094,868.290332364286
"1095",1095,689.876068092551
"1096",1096,613.420476462728
"1097",1097,853.304899139643
"1098",1098,807.0651241884
"1099",1099,426.051201799474
"1100",1100,661.034150416291
"1101",1101,-252.107651926165
"1102",1102,782.218757613116
"1103",1103,709.946133564417
"1104",1104,330.414315672133
"1105",1105,525.218316088401
"1106",1106,670.800322883227
"1107",1107,746.895440028198
"1108",1108,590.078097163038
"1109",1109,402.58479028
"1110",1110,508.260753222606
"1111",1111,740.912882055424
"1112",1112,508.993347878975
"1113",1113,744.331533471203
"1114",1114,801.426756925063
"1115",1115,639.868728860563
"1116",1116,990.814810200397
"1117",1117,465.139787788019
"1118",1118,732.399013500243
"1119",1119,397.190394366527
"1120",1120,580.59820500532
"1121",1121,555.499561992001
"1122",1122,561.929017136866
"1123",1123,624.813425409757
"1124",1124,857.453243243544
"1125",1125,985.316283590583
"1126",1126,688.163942562239
"1127",1127,554.733445986042
"1128",1128,585.327215845802
"1129",1129,861.708862274238
"1130",1130,363.975473774823
"1131",1131,748.814665697846
"1132",1132,375.158991436327
"1133",1133,420.065457363786
"1134",1134,546.08817177517
"1135",1135,700.125794666667
"1136",1136,601.956439677415
"1137",1137,712.00030705987
"1138",1138,627.716429775748
"1139",1139,1071.39335810491
"1140",1140,808.62549762696
"1141",1141,615.404476170075
"1142",1142,639.258192544206
"1143",1143,688.233560111585
"1144",1144,765.127912173088
"1145",1145,570.584198437537
"1146",1146,593.984325239886
"1147",1147,958.680694210591
"1148",1148,591.640404948261
"1149",1149,-38.4056131003174
"1150",1150,665.713132778111
"1151",1151,926.367530029522
"1152",1152,673.531342042549
"1153",1153,579.383078215452
"1154",1154,680.444730003128
"1155",1155,782.016734451778
"1156",1156,181.74141421696
"1157",1157,993.544684056745
"1158",1158,487.761006253517
"1159",1159,285.335114979904
"1160",1160,283.404999815854
"1161",1161,463.24686852306
"1162",1162,682.572808571345
"1163",1163,657.34145566399
"1164",1164,279.966267814558
"1165",1165,541.083672231644
"1166",1166,535.438806047074
"1167",1167,537.561221626753
"1168",1168,730.011179323708
"1169",1169,703.167180252107
"1170",1170,708.964777613208
"1171",1171,1202.63302746718
"1172",1172,915.129750022754
"1173",1173,122.035151181543
"1174",1174,811.101105536085
"1175",1175,374.723804452378
"1176",1176,534.094714890497
"1177",1177,587.521877448257
"1178",1178,558.142807819295
"1179",1179,170.821269960733
"1180",1180,448.50922920939
"1181",1181,637.232061628574
"1182",1182,563.008134460277
"1183",1183,323.477908836846
"1184",1184,708.185966957458
"1185",1185,617.254598880796
"1186",1186,243.018123215933
"1187",1187,765.552832008843
"1188",1188,668.530781642422
"1189",1189,328.87236152773
"1190",1190,427.734741706387
"1191",1191,889.842263570356
"1192",1192,583.997091815636
"1193",1193,574.456579946468
"1194",1194,822.292977130152
"1195",1195,801.184145323203
"1196",1196,424.955740899232
"1197",1197,594.125379017334
"1198",1198,788.666320315003
"1199",1199,340.500062277894
"1200",1200,160.393437024943
"1201",1201,396.369346818429
"1202",1202,770.983130883555
"1203",1203,667.268145840662
"1204",1204,1023.2719251662
"1205",1205,996.373985325827
"1206",1206,446.707835035581
"1207",1207,415.118935450401
"1208",1208,158.576983606613
"1209",1209,586.715252971861
"1210",1210,548.835468821057
"1211",1211,838.003447877478
"1212",1212,444.671503983138
"1213",1213,329.89824100763
"1214",1214,435.292470906792
"1215",1215,657.290108350953
"1216",1216,566.939871828794
"1217",1217,642.395916886054
"1218",1218,838.751387984241
"1219",1219,485.550017516555
"1220",1220,569.948436180399
"1221",1221,825.516217507867
"1222",1222,698.982269978808
"1223",1223,595.463703313816
"1224",1224,705.57194765198
"1225",1225,718.320627836947
"1226",1226,377.592338219446
"1227",1227,357.338249959777
"1228",1228,306.100379690994
"1229",1229,601.803738545479
"1230",1230,815.135471765209
"1231",1231,847.562815661151
"1232",1232,493.156557856948
"1233",1233,699.815588174643
"1234",1234,749.833329737279
"1235",1235,602.245091608559
"1236",1236,736.786250296032
"1237",1237,600.72212961151
"1238",1238,190.893231346131
"1239",1239,823.530995773814
"1240",1240,674.161366049461
"1241",1241,382.180239914262
"1242",1242,539.940326898712
"1243",1243,788.559443597307
"1244",1244,489.012712375945
"1245",1245,417.105232361408
"1246",1246,523.621504096587
"1247",1247,862.239155429625
"1248",1248,244.63808726835
"1249",1249,254.567574496738
"1250",1250,695.735030219113
"1251",1251,878.881934375815
"1252",1252,640.618473200354
"1253",1253,681.737451771946
"1254",1254,442.300321435765
"1255",1255,510.614962530419
"1256",1256,605.637784566538
"1257",1257,691.616663387475
"1258",1258,268.915610704257
"1259",1259,562.692385455068
"1260",1260,848.283414665792
"1261",1261,515.143011531224
"1262",1262,575.136446731309
"1263",1263,470.320312605078
"1264",1264,158.388124875466
"1265",1265,343.490464385603
"1266",1266,523.590886347701
"1267",1267,414.025522617497
"1268",1268,640.18918026135
"1269",1269,703.415561712373
"1270",1270,508.768942967739
"1271",1271,640.328959434439
"1272",1272,368.242102444592
"1273",1273,620.955421043727
"1274",1274,764.025809041588
"1275",1275,196.095824283104
"1276",1276,379.668303561936
"1277",1277,913.371484213101
"1278",1278,573.960591097904
"1279",1279,774.727314897158
"1280",1280,808.059532308877
"1281",1281,691.81509649655
"1282",1282,442.778892636488
"1283",1283,710.374061291566
"1284",1284,749.991743162783
"1285",1285,373.893672602288
"1286",1286,309.663267269848
"1287",1287,295.214375977064
"1288",1288,611.640134605716
"1289",1289,379.675137416199
"1290",1290,742.815403574461
"1291",1291,655.353566548673
"1292",1292,680.389947556023
"1293",1293,604.030560909513
"1294",1294,430.511219033475
"1295",1295,604.425118558677
"1296",1296,633.381389401392
"1297",1297,422.610631514201
"1298",1298,570.304138655589
"1299",1299,790.119966391476
"1300",1300,654.277709565568
"1301",1301,863.108748886567
"1302",1302,259.877614812494
"1303",1303,333.094590368612
"1304",1304,719.468341669343
"1305",1305,487.809922668693
"1306",1306,707.647539134677
"1307",1307,208.688776527626
"1308",1308,330.385909458417
"1309",1309,298.202765680786
"1310",1310,887.587573034333
"1311",1311,403.372090187116
"1312",1312,913.73023712649
"1313",1313,923.751214402821
"1314",1314,232.827850966747
"1315",1315,439.402325862712
"1316",1316,352.772426702015
"1317",1317,685.750949581813
"1318",1318,425.094233673308
"1319",1319,629.739627868748
"1320",1320,707.310610112072
"1321",1321,554.431024955811
"1322",1322,307.102940886444
"1323",1323,379.601841749436
"1324",1324,613.273995285918
"1325",1325,614.507035130111
"1326",1326,519.882803687583
"1327",1327,390.648920086549
"1328",1328,587.240072608219
"1329",1329,588.799811726846
"1330",1330,682.484673678195
"1331",1331,650.215744495436
"1332",1332,415.661345549181
"1333",1333,423.282498208562
"1334",1334,726.380839880614
"1335",1335,512.35126648103
"1336",1336,416.689892421638
"1337",1337,637.23481053223
"1338",1338,419.673022992176
"1339",1339,839.811071563345
"1340",1340,529.675805818861
"1341",1341,436.247474611458
"1342",1342,508.700568564031
"1343",1343,798.025028430684
"1344",1344,688.623041743726
"1345",1345,593.885069990965
"1346",1346,668.815120314686
"1347",1347,640.877420028246
"1348",1348,563.939478584708
"1349",1349,246.138335593308
"1350",1350,464.547849036285
"1351",1351,401.762575317198
"1352",1352,799.650344923563
"1353",1353,607.813064798667
"1354",1354,532.744581637271
"1355",1355,525.766894772675
"1356",1356,512.947995579748
"1357",1357,470.265663960571
"1358",1358,1149.577458954
"1359",1359,368.00984193528
"1360",1360,315.874194842683
"1361",1361,746.684611002471
"1362",1362,498.578479679963
"1363",1363,463.853455738467
"1364",1364,472.798527407745
"1365",1365,398.447103652205
"1366",1366,771.678794773187
"1367",1367,400.324488659367
"1368",1368,434.565342674111
"1369",1369,687.649673745465
"1370",1370,459.438105698383
"1371",1371,552.764277402982
"1372",1372,502.446313085037
"1373",1373,270.090085422158
"1374",1374,568.636296910323
"1375",1375,1118.68152423392
"1376",1376,601.120718003396
"1377",1377,865.927272517987
"1378",1378,617.480929401596
"1379",1379,758.394506542161
"1380",1380,574.46091521201
"1381",1381,696.991076567937
"1382",1382,541.313331935999
"1383",1383,530.218828332725
"1384",1384,556.055633459177
"1385",1385,393.974071667647
"1386",1386,976.100469493997
"1387",1387,381.759475807545
"1388",1388,527.160802850676
"1389",1389,577.956501060712
"1390",1390,703.826634771662
"1391",1391,654.518003051468
"1392",1392,259.89150007657
"1393",1393,521.827333033501
"1394",1394,468.201793824323
"1395",1395,455.270595508434
"1396",1396,1076.64484713599
"1397",1397,861.491563037399
"1398",1398,770.467678678995
"1399",1399,558.463075445187
"1400",1400,480.412165073369
"1401",1401,291.780124567606
"1402",1402,505.420321746404
"1403",1403,832.99278728839
"1404",1404,439.714493242801
"1405",1405,183.173580384995
"1406",1406,332.161208721282
"1407",1407,540.792713591371
"1408",1408,223.997250598279
"1409",1409,544.47095551052
"1410",1410,485.817163659211
"1411",1411,338.345533154178
"1412",1412,538.002682073067
"1413",1413,834.010841989624
"1414",1414,591.8529741662
"1415",1415,699.597336491874
"1416",1416,736.464468684862
"1417",1417,549.943234460458
"1418",1418,367.063630130907
"1419",1419,467.0865867575
"1420",1420,924.004634772595
"1421",1421,273.349581928548
"1422",1422,374.057340948283
"1423",1423,504.040821870228
"1424",1424,490.248916040137
"1425",1425,405.424166783934
"1426",1426,664.088156043147
"1427",1427,521.22230052606
"1428",1428,276.301646946168
"1429",1429,505.449022184509
"1430",1430,427.230235209497
"1431",1431,492.689125852277
"1432",1432,684.941002688048
"1433",1433,739.795009174347
"1434",1434,606.203074298672
"1435",1435,794.450149020059
"1436",1436,226.369124803545
"1437",1437,348.277504766864
"1438",1438,299.505526856793
"1439",1439,210.070915489294
"1440",1440,669.671043160949
"1441",1441,468.476764041307
"1442",1442,621.920587168418
"1443",1443,832.515247799371
"1444",1444,635.166631206288
"1445",1445,272.481700825941
"1446",1446,869.9184015595
"1447",1447,658.43629495831
"1448",1448,427.364265896792
"1449",1449,712.675154790729
"1450",1450,453.128450584328
"1451",1451,45.8046690750857
"1452",1452,647.163799680353
"1453",1453,534.760906004984
"1454",1454,740.722735450904
"1455",1455,796.024166643235
"1456",1456,355.448354693524
"1457",1457,531.562453796431
"1458",1458,803.169299804053
"1459",1459,753.579034762949
"1460",1460,226.111430119958
"1461",1461,495.791156898855
"1462",1462,709.091291392068
"1463",1463,309.28741943653
"1464",1464,530.222319637258
"1465",1465,609.48095756905
"1466",1466,573.194148764071
"1467",1467,639.451028532634
"1468",1468,451.719264933765
"1469",1469,759.209506851439
"1470",1470,866.054202566761
"1471",1471,774.449023383482
"1472",1472,291.170811212086
"1473",1473,515.982221158497
"1474",1474,877.660984525482
"1475",1475,478.800767919292
"1476",1476,403.871432173428
"1477",1477,298.258314716343
"1478",1478,739.256561861978
"1479",1479,424.74540667531
"1480",1480,521.321703956409
"1481",1481,534.977987370875
"1482",1482,729.954800123861
"1483",1483,469.09877525553
"1484",1484,505.026289621188
"1485",1485,521.213885767003
"1486",1486,464.327554968459
"1487",1487,955.718646156229
"1488",1488,663.759570243191
"1489",1489,556.179908572894
"1490",1490,389.682606271157
"1491",1491,535.795727432253
"1492",1492,464.792613226248
"1493",1493,269.505381387111
"1494",1494,712.487332419402
"1495",1495,394.658369979347
"1496",1496,651.401453986978
"1497",1497,326.554606960968
"1498",1498,453.469558413423
"1499",1499,683.110094716007
"1500",1500,535.508046117357
"1501",1501,652.878096953463
"1502",1502,706.237409316134
"1503",1503,528.190125068941
"1504",1504,749.823672797436
"1505",1505,638.729932376401
"1506",1506,576.748688436761
"1507",1507,828.327930895861
"1508",1508,299.421288799742
"1509",1509,456.603832145134
"1510",1510,545.709452481738
"1511",1511,730.668836172512
"1512",1512,629.321143615035
"1513",1513,623.260107996608
"1514",1514,654.172432429857
"1515",1515,254.879289365172
"1516",1516,489.909780751216
"1517",1517,634.762869461271
"1518",1518,655.5456549977
"1519",1519,752.090761504839
"1520",1520,266.866137413468
"1521",1521,461.968584581622
"1522",1522,467.18411999766
"1523",1523,424.998201564848
"1524",1524,491.805584936745
"1525",1525,324.941325585926
"1526",1526,227.144308026248
"1527",1527,565.087771241127
"1528",1528,525.278764146218
"1529",1529,404.380426949252
"1530",1530,276.257181806685
"1531",1531,573.711453984967
"1532",1532,675.668210290397
"1533",1533,794.467380288971
"1534",1534,688.35598125605
"1535",1535,405.324480326402
"1536",1536,580.398065125684
"1537",1537,403.504633010459
"1538",1538,596.701883374735
"1539",1539,614.049966403212
"1540",1540,1037.08434104827
"1541",1541,970.22458841418
"1542",1542,432.426175712062
"1543",1543,668.692864500289
"1544",1544,473.712192297331
"1545",1545,71.4934314344009
"1546",1546,718.517063246552
"1547",1547,684.923045796519
"1548",1548,114.728019466316
"1549",1549,740.606220433849
"1550",1550,674.733906407749
"1551",1551,416.340919548326
"1552",1552,396.798808175513
"1553",1553,396.687408518705
"1554",1554,232.977899648628
"1555",1555,403.67333009825
"1556",1556,603.141134596731
"1557",1557,475.881624137516
"1558",1558,410.259291150139
"1559",1559,556.628964394164
"1560",1560,440.154034044191
"1561",1561,300.525580977444
"1562",1562,990.287276145588
"1563",1563,560.629620445172
"1564",1564,644.540850498534
"1565",1565,592.678927433342
"1566",1566,330.909366504237
"1567",1567,525.496486869871
"1568",1568,551.984535480918
"1569",1569,622.702830911239
"1570",1570,377.182007076694
"1571",1571,595.104328802785
"1572",1572,524.674355276116
"1573",1573,325.566065051158
"1574",1574,303.638022016304
"1575",1575,602.668702245361
"1576",1576,450.124992653455
"1577",1577,902.736859273025
"1578",1578,927.958801348923
"1579",1579,546.377732700681
"1580",1580,466.767420869326
"1581",1581,244.062724941062
"1582",1582,231.678634912453
"1583",1583,406.478716506585
"1584",1584,702.68195477873
"1585",1585,561.265663089818
"1586",1586,351.636408120271
"1587",1587,704.534811795471
"1588",1588,657.743383759228
"1589",1589,899.20190998046
"1590",1590,425.665220182416
"1591",1591,814.071341328391
"1592",1592,830.620446694743
"1593",1593,307.671700445929
"1594",1594,499.714954263137
"1595",1595,376.525925127686
"1596",1596,369.713229327218
"1597",1597,143.572130770108
"1598",1598,299.998257816477
"1599",1599,460.270935886993
"1600",1600,546.259239790165
"1601",1601,471.950011585885
"1602",1602,396.219032097954
"1603",1603,716.597902587123
"1604",1604,344.877229709992
"1605",1605,500.770599330355
"1606",1606,250.292106023047
"1607",1607,699.412852673031
"1608",1608,835.580672245728
"1609",1609,614.518985570342
"1610",1610,859.439282349898
"1611",1611,632.438491777402
"1612",1612,247.248447611544
"1613",1613,553.111469039853
"1614",1614,491.674404268876
"1615",1615,642.509165908096
"1616",1616,296.331501009046
"1617",1617,479.55181790964
"1618",1618,432.065385120909
"1619",1619,742.46520253126
"1620",1620,766.803409668998
"1621",1621,413.251572002323
"1622",1622,1046.27471161188
"1623",1623,644.154677275852
"1624",1624,463.792809651917
"1625",1625,388.968218982063
"1626",1626,911.512651641708
"1627",1627,623.643767484219
"1628",1628,935.714612933768
"1629",1629,965.689625558396
"1630",1630,473.587547771627
"1631",1631,320.735731817607
"1632",1632,498.751305889103
"1633",1633,621.118874672286
"1634",1634,580.753372960193
"1635",1635,621.444951096821
"1636",1636,715.24837530384
"1637",1637,973.448799988499
"1638",1638,538.674649624693
"1639",1639,713.156720836799
"1640",1640,541.972423035223
"1641",1641,671.434175537566
"1642",1642,685.713667066562
"1643",1643,315.913308475162
"1644",1644,247.156585680007
"1645",1645,218.097411192899
"1646",1646,558.244720888502
"1647",1647,429.715339413615
"1648",1648,211.897239978901
"1649",1649,618.189755481958
"1650",1650,242.295596919041
"1651",1651,559.138921665668
"1652",1652,735.620961528558
"1653",1653,623.275077294858
"1654",1654,526.251125910441
"1655",1655,627.493546232683
"1656",1656,406.013058023089
"1657",1657,1347.0174035546
"1658",1658,310.468218927062
"1659",1659,373.56803598409
"1660",1660,463.707686019831
"1661",1661,440.80402235258
"1662",1662,239.173037939921
"1663",1663,773.607384798387
"1664",1664,460.721017546239
"1665",1665,153.432217715163
"1666",1666,586.216093865825
"1667",1667,668.993363021103
"1668",1668,667.661982329457
"1669",1669,256.575278860939
"1670",1670,409.881400170312
"1671",1671,264.18968504616
"1672",1672,708.387897161831
"1673",1673,667.91342911717
"1674",1674,436.527495760661
"1675",1675,691.357130923864
"1676",1676,734.010205653854
"1677",1677,684.049011541958
"1678",1678,669.669856666929
"1679",1679,603.035906971571
"1680",1680,344.413741144327
"1681",1681,438.988351640354
"1682",1682,343.415383257229
"1683",1683,421.149164473902
"1684",1684,468.722025951144
"1685",1685,429.705267145568
"1686",1686,819.28261430783
"1687",1687,362.987058171853
"1688",1688,405.928629984836
"1689",1689,415.63040331123
"1690",1690,300.448687351834
"1691",1691,237.86236591266
"1692",1692,767.056718574745
"1693",1693,548.921211643232
"1694",1694,65.9198992053645
"1695",1695,731.930253869594
"1696",1696,776.925119879368
"1697",1697,631.079832901981
"1698",1698,415.339604350378
"1699",1699,579.390626694339
"1700",1700,851.686179464359
"1701",1701,576.307354037464
"1702",1702,348.262315390452
"1703",1703,764.908167078905
"1704",1704,701.104153388234
"1705",1705,580.106814708848
"1706",1706,812.113374306931
"1707",1707,586.032252555075
"1708",1708,721.261704349505
"1709",1709,268.109327500393
"1710",1710,491.186727698288
"1711",1711,455.023773360773
"1712",1712,385.709336664277
"1713",1713,391.797980196235
"1714",1714,732.524776488347
"1715",1715,652.353157707001
"1716",1716,199.32378798331
"1717",1717,430.936029804962
"1718",1718,300.37293001066
"1719",1719,785.280778568403
"1720",1720,551.559034668592
"1721",1721,809.701418260765
"1722",1722,663.446337379934
"1723",1723,541.22970069273
"1724",1724,797.491737112131
"1725",1725,260.927916368796
"1726",1726,394.772597182118
"1727",1727,561.93635021864
"1728",1728,491.922371571922
"1729",1729,517.782365410405
"1730",1730,654.32230869153
"1731",1731,868.168112230796
"1732",1732,467.112372206483
"1733",1733,731.066559678296
"1734",1734,651.279456526391
"1735",1735,682.449370333742
"1736",1736,714.240655795218
"1737",1737,388.425905809142
"1738",1738,423.323007501762
"1739",1739,193.680304529563
"1740",1740,353.227926426489
"1741",1741,818.490025135413
"1742",1742,276.857439128516
"1743",1743,251.508260033401
"1744",1744,463.937123711412
"1745",1745,566.512451323163
"1746",1746,672.131762538303
"1747",1747,504.373712823452
"1748",1748,612.937901635291
"1749",1749,285.430933139647
"1750",1750,613.804095079149
"1751",1751,182.852834786707
"1752",1752,379.911272783182
"1753",1753,611.662188861078
"1754",1754,461.94601379799
"1755",1755,620.27406182371
"1756",1756,-140.068535394541
"1757",1757,803.141072894138
"1758",1758,799.594250737582
"1759",1759,725.226016572968
"1760",1760,474.059627226177
"1761",1761,606.073806468504
"1762",1762,548.636129752798
"1763",1763,423.077104955174
"1764",1764,685.214240248268
"1765",1765,500.678407892781
"1766",1766,256.681278801678
"1767",1767,627.626615575359
"1768",1768,418.228299088524
"1769",1769,617.196228624905
"1770",1770,785.984806232827
"1771",1771,368.317294423954
"1772",1772,415.694792816385
"1773",1773,385.440003309735
"1774",1774,703.020603066397
"1775",1775,198.945912962118
"1776",1776,587.254228014529
"1777",1777,759.990201125997
"1778",1778,607.964731510532
"1779",1779,462.264703904584
"1780",1780,432.007774530759
"1781",1781,601.616777245803
"1782",1782,552.033997514444
"1783",1783,479.551100645861
"1784",1784,512.877830482897
"1785",1785,362.655781668641
"1786",1786,485.321516154069
"1787",1787,675.13178509728
"1788",1788,412.22483393703
"1789",1789,587.232650722786
"1790",1790,501.787771999239
"1791",1791,685.36034597366
"1792",1792,203.488872765326
"1793",1793,590.814032450158
"1794",1794,710.146556244422
"1795",1795,452.896602181742
"1796",1796,534.598956472161
"1797",1797,608.595401986444
"1798",1798,632.17006454779
"1799",1799,509.085549212303
"1800",1800,591.050638776614
"1801",1801,544.044297137473
"1802",1802,711.533685096751
"1803",1803,459.690857115884
"1804",1804,752.920305893075
"1805",1805,863.400687852765
"1806",1806,810.880151051424
"1807",1807,262.401178352791
"1808",1808,538.952702443078
"1809",1809,509.257255689138
"1810",1810,734.363510651416
"1811",1811,-197.716901463921
"1812",1812,539.049090099172
"1813",1813,387.99756429512
"1814",1814,531.812976016198
"1815",1815,580.544729085102
"1816",1816,646.284716411603
"1817",1817,697.956545297902
"1818",1818,303.056276789124
"1819",1819,849.022435530604
"1820",1820,415.627360340559
"1821",1821,471.786683062067
"1822",1822,368.415579098258
"1823",1823,455.465789358605
"1824",1824,497.057131229001
"1825",1825,811.526885287979
